{
    "n_cols": 119,
    "window_size": 48,
    "feature_cols": [
        "n1",
        "n2",
        "n3",
        "n4",
        "n5",
        "n6",
        "n7",
        "n8",
        "n9",
        "n10",
        "n11",
        "n12",
        "n13",
        "n14",
        "n15",
        "n16",
        "n17",
        "n18",
        "n19",
        "n20",
        "n21",
        "n22",
        "n23",
        "n24",
        "n25",
        "n26",
        "n27",
        "n28",
        "n29",
        "n30",
        "n31",
        "n32",
        "n33",
        "n34",
        "n35",
        "n36",
        "n37",
        "n38",
        "n39",
        "n40",
        "n41",
        "n42",
        "n43",
        "n44",
        "n45",
        "n46",
        "n47",
        "n48",
        "n49",
        "n50",
        "n51",
        "n52",
        "n53",
        "n54",
        "n55",
        "n56",
        "n57",
        "n58",
        "n59",
        "n60",
        "n61",
        "n62",
        "n63",
        "n64",
        "n65",
        "n66",
        "n67",
        "n68",
        "n69",
        "n70",
        "n71",
        "n72",
        "n73",
        "n74",
        "n75",
        "n76",
        "n77",
        "n78",
        "n79",
        "n80",
        "n81",
        "n82",
        "n83",
        "n84",
        "n85",
        "n86",
        "n87",
        "n88",
        "n89",
        "n90",
        "n91",
        "n92",
        "n93",
        "n94",
        "n95",
        "n96",
        "n97",
        "n98",
        "n99",
        "n100",
        "n101",
        "n102",
        "n103",
        "n104",
        "n105",
        "n106",
        "n107",
        "n108",
        "n109",
        "n110",
        "n111",
        "n112",
        "n113",
        "n114",
        "n115",
        "n116",
        "n117",
        "n118",
        "n119"
    ],
    "col_mean": [
        0.6869780242779817,
        0.5194392198760261,
        0.7292989599556912,
        0.6486840145296819,
        0.34708867394382475,
        0.7878111758183779,
        0.6805698509951765,
        0.6930321526384768,
        0.3640568163377729,
        0.5251929689477836,
        0.4853990121162906,
        0.7633824944243008,
        0.6219325600403323,
        0.711380806635415,
        0.5217070994136656,
        0.41361936089238843,
        0.5772923935079174,
        0.33190862805208765,
        0.713815585996291,
        0.6158321995610324,
        0.6790438700426868,
        0.47726298406493417,
        0.7853490121974516,
        0.7465605606610988,
        0.6891917485368809,
        0.3973193539259838,
        0.533360501863517,
        0.3219018828936144,
        0.3771447460337739,
        0.6415244766212274,
        0.6723810779539086,
        0.783754866217105,
        0.46291267906907596,
        0.48522985301743443,
        0.534777905637904,
        0.39473567954214284,
        0.3649607526677358,
        0.5378524631129669,
        0.41345467452544205,
        0.6349069973412551,
        0.5185759594361654,
        0.7163390980289187,
        0.6501325510011245,
        0.4561833206910205,
        0.7161299006976005,
        0.7023821787484009,
        0.4937391895150872,
        0.44416405196512204,
        0.6412477519874877,
        0.3698762418046549,
        0.39995410123755415,
        0.30368113487550275,
        0.6934621887510692,
        0.632425428296016,
        0.6525826893131675,
        0.6903645155109839,
        0.52945788776917,
        0.5843705979764469,
        0.3698984990638287,
        0.3572650367679867,
        0.6342014808952359,
        0.5355481030715663,
        0.5826180532405945,
        0.6824994287080128,
        0.6173591600002954,
        0.5767897003289979,
        0.5796035803727068,
        0.4519750490313061,
        0.3154089172839697,
        0.5183586946161811,
        0.4072923364097646,
        0.5042643218623181,
        0.726701536634083,
        0.41696974293267036,
        0.329151370844533,
        0.44069194601099826,
        0.4467968788833418,
        0.6309582573634476,
        0.5785160761706392,
        0.6919491045532067,
        0.6321567701636938,
        0.5031934307200352,
        0.7070101923330173,
        0.38348645995385194,
        0.3113560365669302,
        0.34502393038782087,
        0.6611796752982251,
        0.5309386151256936,
        0.3806358895168009,
        0.5505223875516818,
        0.3761560513565842,
        0.6481601875388681,
        0.5230781377870153,
        0.49051061304824123,
        0.45075604457393825,
        0.6151412965594443,
        0.4809063052766952,
        0.3438249596580505,
        0.35900295106025765,
        0.7809488322747573,
        0.7542903453538035,
        0.6498535669053748,
        0.4329349807297598,
        0.7845881886738619,
        0.6893754519828973,
        0.6584450945794977,
        0.5246807510718943,
        0.4361207809225795,
        0.34819548107674964,
        0.7513011982719209,
        0.5278881449168056,
        0.40118168239761515,
        0.45297831207532624,
        0.589609784470948,
        0.38838639146961584,
        0.7283071420461877,
        0.6792597649176051,
        0.6597314779754684,
        0.5160465198875519
    ],